Name,Level,Casting Time,Duration,School,Range,Classes,Text
Acid Splash,Cantrip,Action,Instantaneous,Conjuration,60 feet,"Artificer, Sorcerer, Wizard","You hurl a bubble of acid. Choose one creature you can see within range, or choose two creatures you can see within range that are within 5 feet of each other. A target must succeed on a Dexterity saving throw or take 1d6 acid damage.This spell's damage increases by 1d6 when you reach 5th level (2d6), 11th level (3d6), and 17th level (4d6)."
Aid,2nd,Action,8 hours,Abjuration,30 feet,"Artificer, Cleric, Paladin",Your spell bolsters your allies with toughness and resolve. Choose up to three creatures within range. Each target's hit point maximum and current hit points increase by 5 for the duration.
Bane,1st,Action,"Concentration, up to 1 minute",Enchantment,30 feet,"Bard, Cleric","Up to three creatures of your choice that you can see within range must make Charisma saving throws. Whenever a target that fails this saving throw makes an attack roll or a saving throw before the spell ends, the target must roll a d4 and subtract the number rolled from the attack roll or saving throw."
Barkskin,2nd,Action,"Concentration, up to 1 hour",Transmutation,Touch,"Druid, Ranger","You touch a willing creature. Until the spell ends, the target's skin has a rough, bark-like appearance, and the target's AC can't be less than 16, regardless of what kind of armor it is wearing."
Bestow Curse,3rd,Action,"Concentration, up to 1 minute",Necromancy,Touch,"Bard, Cleric, Wizard","You touch a creature, and that creature must succeed on a Wisdom saving throw or become cursed for the duration of the spell. When you cast this spell, choose the nature of the curse from the following options:Choose one ability score. While cursed, the target has disadvantage on ability checks and saving throws made with that ability score.While cursed, the target has disadvantage on attack rolls against you.While cursed, the target must make a Wisdom saving throw at the start of each of its turns. If it fails, it wastes its action that turn doing nothing.While the target is cursed, your attacks and spells deal an extra 1d8 necrotic damage to the target.A remove curse spell ends this effect. At the DM's option, you may choose an alternative curse effect, but it should be no more powerful than those described above. The DM has final say on such a curse's effect."
Blade Ward,Cantrip,Action,1 round,Abjuration,Self,"Bard, Sorcerer, Warlock, Wizard","You extend your hand and trace a sigil of warding in the air. Until the end of your next turn, you have resistance against bludgeoning, piercing, and slashing damage dealt by weapon attacks."
Bless,1st,Action,"Concentration, up to 1 minute",Enchantment,30 feet,"Cleric, Paladin","You bless up to three creatures of your choice within range. Whenever a target makes an attack roll or a saving throw before the spell ends, the target can roll a d4 and add the number rolled to the attack roll or saving throw."
Blight,4th,Action,Instantaneous,Necromancy,30 feet,"Druid, Sorcerer, Warlock, Wizard","Necromantic energy washes over a creature of your choice that you can see within range, draining moisture and vitality from it. The target must make a Constitution saving throw. The target takes 8d8 necrotic damage on a failed save, or half as much damage on a successful one. This spell has no effect on undead or constructs.If you target a plant creature or a magical plant, it makes the saving throw with disadvantage, and the spell deals maximum damage to it.If you target a nonmagical plant that isn't a creature, such as a tree or shrub, it doesn't make a saving throw, it simply withers and dies."
Blindness/Deafness,2nd,Action,1 minute,Necromancy,30 feet,"Bard, Cleric, Sorcerer, Wizard","You can blind or deafen a foe. Choose one creature that you can see within range to make a Constitution saving throw. If it fails, the target is either blinded or deafened (your choice) for the duration. At the end of each of its turns, the target can make a Constitution saving throw. On a success, the spell ends."
Blur,2nd,Action,"Concentration, up to 1 minute",Illusion,Self,"Artificer, Sorcerer, Wizard","Your body becomes blurred, shifting and wavering to all who can see you. For the duration, any creature has disadvantage on attack rolls against you. An attacker is immune to this effect if it doesn't rely on sight, as with blindsight, or can see through illusions, as with truesight."
Burning Hands,1st,Action,Instantaneous,Evocation,Self (15-foot cone),"Sorcerer, Wizard","As you hold your hands with thumbs touching and fingers spread, a thin sheet of flames shoots forth from your outstretched fingertips. Each creature in a 15-foot cone must make a Dexterity saving throw. A creature takes 3d6 fire damage on a failed save, or half as much damage on a successful one.The fire ignites any flammable objects in the area that aren't being worn or carried."
Call Lightning,3rd,Action,"Concentration, up to 10 minutes",Conjuration,120 feet,Druid,"A storm cloud appears in the shape of a cylinder that is 10 feet tall with a 60-foot radius, centered on a point you can see within range directly above you. The spell fails if you can't see a point in the air where the storm cloud could appear (for example, if you are in a room that can't accommodate the cloud).When you cast the spell, choose a point you can see under the cloud. A bolt of lightning flashes down from the cloud to that point. Each creature within 5 feet of that point must make a Dexterity saving throw. A creature takes 3d10 lightning damage on a failed save, or half as much damage on a successful one. On each of your turns until the spell ends, you can use your action to call down lightning in this way again, targeting the same point or a different one.If you are outdoors in stormy conditions when you cast this spell, the spell gives you control over the existing storm instead of creating a new one. Under such conditions, the spell's damage increases by 1d10."
Chain Lightning,6th,Action,Instantaneous,Evocation,150 feet,"Sorcerer, Wizard","You create a bolt of lightning that arcs toward a target of your choice that you can see within range. Three bolts then leap from that target to as many as three other targets, each of which must be within 30 feet of the first target. A target can be a creature or an object and can be targeted by only one of the bolts.A target must make a Dexterity saving throw. The target takes 10d8 lightning damage on a failed save, or half as much damage on a successful one."
Chill Touch,Cantrip,Action,1 round,Necromancy,120 feet,"Sorcerer, Warlock, Wizard","You create a ghostly, skeletal hand in the space of a creature within range. Make a ranged spell attack against the creature to assail it with the chill of the grave. On a hit, the target takes 1d8 necrotic damage, and it can't regain hit points until the start of your next turn. Until then, the hand clings to the target.If you hit an undead target, it also has disadvantage on attack rolls against you until the end of your next turn.This spell's damage increases by 1d8 when you reach 5th level (2d8), 11th level (3d8), and 17th level (4d8)."
Chromatic Orb,1st,Action,Instantaneous,Evocation,90 feet,"Sorcerer, Wizard","You hurl a 4-inch-diameter sphere of energy at a creature that you can see within range. You choose acid, cold, fire, lightning, poison, or thunder for the type of orb you create, and then make a ranged spell attack against the target. If the attack hits, the creature takes 3d8 damage of the type you chose."
Cloud of Daggers,2nd,Action,"Concentration, up to 1 minute",Conjuration,60 feet,"Bard, Sorcerer, Warlock, Wizard","You fill the air with spinning daggers in a cube 5 feet on each side, centered on a point you choose within range. A creature takes 4d4 slashing damage when it enters the spell's area for the first time on a turn or starts its turn there."
Cloudkill,5th,Action,"Concentration, up to 10 minutes",Conjuration,120 feet,"Sorcerer, Wizard","You create a 20-foot-radius sphere of poisonous, yellow-green fog centered on a point you choose within range. The fog spreads around corners. It lasts for the duration or until strong wind disperses the fog, ending the spell. Its area is heavily obscured.When a creature enters the spell's area for the first time on a turn or starts its turn there, that creature must make a Constitution saving throw. The creature takes 5d8 poison damage on a failed save, or half as much damage on a successful one. Creatures are affected even if they hold their breath or don't need to breathe.The fog moves 10 feet away from you at the start of each of your turns, rolling along the surface of the ground. The vapors, being heavier than air, sink to the lowest level of the land, even pouring down openings."
Cone of Cold,5th,Action,Instantaneous,Evocation,Self (60-foot cone),"Sorcerer, Wizard","A blast of cold air erupts from your hands. Each creature in a 60-foot cone must make a Constitution saving throw. A creature takes 8d8 cold damage on a failed save, or half as much damage on a successful one.A creature killed by this spell becomes a frozen statue until it thaws."
Confusion,4th,Action,"Concentration, up to 1 minute",Enchantment,90 feet,"Bard, Druid, Sorcerer, Wizard","This spell assaults and twists creatures' minds, spawning delusions and provoking uncontrolled action. Each creature in a 10-foot-radius sphere centered on a point you choose within range must succeed on a Wisdom saving throw when you cast this spell or be affected by it.An affected target can't take reactions and must roll a d10 at the start of each of its turns to determine its behavior for that turn.Confusion Behaviord10Behavior1The creature uses all its movement to move in a random direction. To determine the direction, roll a d8 and assign a direction to each die face. The creature doesn't take an action this turn.2-6The creature doesn't move or take actions this turn.7-8The creature uses its action to make a melee attack against a randomly determined creature within its reach. If there is no creature within its reach, the creature does nothing this turn.9-10The creature can act and move normally.At the end of each of its turns, an affected target can make a Wisdom saving throw. If it succeeds, this effect ends for that target."
Contagion,5th,Action,7 days,Necromancy,Touch,"Cleric, Druid","Your touch inflicts disease. Make a melee spell attack against a creature within your reach. On a hit, the target is poisoned.At the end of each of the poisoned target's turns, the target must make a Constitution saving throw. If the target succeeds on three of these saves, it is no longer poisoned, and the spell ends. If the target fails three of these saves, the target is no longer poisoned, but choose one of the diseases below. The target is subjected to the chosen disease for the spell's duration.Since this spell induces a natural disease in its target, any effect that removes a disease or otherwise ameliorates a disease's effects apply to it. Blinding Sickness. Pain grips the creature's mind, and its eyes turn milky white. The creature has disadvantage on Wisdom checks and Wisdom saving throws and is blinded. Filth Fever. A raging fever sweeps through the creature's body. The creature has disadvantage on Strength checks, Strength saving throws, and attack rolls that use Strength. Flesh Rot. The creature's flesh decays. The creature has disadvantage on Charisma checks and vulnerability to all damage. Mindfire. The creature's mind becomes feverish. The creature has disadvantage on Intelligence checks and Intelligence saving throws, and the creature behaves as if under the effects of the confusion spell during combat. Seizure. The creature is overcome with shaking. The creature has disadvantage on Dexterity checks, Dexterity saving throws, and attack rolls that use Dexterity. Slimy Doom. The creature begins to bleed uncontrollably. The creature has disadvantage on Constitution checks and Constitution saving throws. In addition, whenever the creature takes damage, it is stunned until the end of its next turn."
Crown of Madness,2nd,Action,"Concentration, up to 1 minute",Enchantment,120 feet,"Bard, Sorcerer, Warlock, Wizard","One humanoid of your choice that you can see within range must succeed on a Wisdom saving throw or become charmed by you for the duration. While the target is charmed in this way, a twisted crown of jagged iron appears on its head, and a madness glows in its eyes.The charmed target must use its action before moving on each of its turns to make a melee attack against a creature other than itself that you mentally choose. The target can act normally on its turn if you choose no creature or if none are within its reach.On your subsequent turns, you must use your action to maintain control over the target, or the spell ends. Also, the target can make a Wisdom saving throw at the end of each of its turns. On a success, the spell ends."
Cure Wounds,1st,Action,Instantaneous,Evocation,Touch,"Artificer, Bard, Cleric, Druid, Paladin, Ranger",A creature you touch regains a number of hit points equal to 1d8 + your spellcasting ability modifier. This spell has no effect on undead or constructs.
Destructive Wave,5th,Action,Instantaneous,Evocation,Self (30-foot radius),Paladin,"You strike the ground, creating a burst of divine energy that ripples outward from you. Each creature you choose within 30 feet of you must succeed on a Constitution saving throw or take 5d6 thunder damage, as well as 5d6 radiant or necrotic damage (your choice), and be knocked prone. A creature that succeeds on its saving throw takes half as much damage and isn't knocked prone."
Dimension Door,4th,Action,Instantaneous,Conjuration,500 feet,"Bard, Sorcerer, Warlock, Wizard","You teleport yourself from your current location to any other spot within range. You arrive at exactly the spot desired. It can be a place you can see, one you can visualize, or one you can describe by stating distance and direction, such as ""200 feet straight downward"" or ""upward to the northwest at a 45-degree angle, 300 feet.""You can bring along objects as long as their weight doesn't exceed what you can carry. You can also bring one willing creature of your size or smaller who is carrying gear up to its carrying capacity. The creature must be within 5 feet of you when you cast this spell.If you would arrive in a place already occupied by an object or a creature, you and any creature traveling with you each take 4d6 force damage, and the spell fails to teleport you."
Disintegrate,6th,Action,Instantaneous,Transmutation,60 feet,"Sorcerer, Wizard","A thin green ray springs from your pointing finger to a target that you can see within range. The target can be a creature, an object, or a creation of magical force, such as the wall created by wall of force.A creature targeted by this spell must make a Dexterity saving throw. On a failed save, the target takes 10d6 + 40 force damage. The target is disintegrated if this damage leaves it with 0 hit points.A disintegrated creature and everything it is wearing and carrying, except magic items, are reduced to a pile of fine gray dust. The creature can be restored to life only by means of a true resurrection or a wish spell.This spell automatically disintegrates a Large or smaller nonmagical object or a creation of magical force. If the target is a Huge or larger object or creation of force, this spell disintegrates a 10-foot-cube portion of it. A magic item is unaffected by this spell."
Dissonant Whispers,1st,Action,Instantaneous,Enchantment,60 feet,Bard,"You whisper a discordant melody that only one creature of your choice within range can hear, wracking it with terrible pain. The target must make a Wisdom saving throw. On a failed save, it takes 3d6 psychic damage and must immediately use its reaction, if available, to move as far as its speed allows away from you. The creature doesn't move into obviously dangerous ground, such as a fire or a pit. On a successful save, the target takes half as much damage and doesn't have to move away. A deafened creature automatically succeeds on the save."
Divine Favor,1st,Bonus,"Concentration, up to 1 minute",Evocation,Self,Paladin,"Your prayer empowers you with divine radiance. Until the spell ends, your weapon attacks deal an extra 1d4 radiant damage on a hit."
Divine Word,7th,Bonus,Instantaneous,Evocation,30 feet,Cleric,"You utter a divine word, imbued with the power that shaped the world at the dawn of creation. Choose any number of creatures you can see within range. Each creature that can hear you must make a Charisma saving throw. On a failed save, a creature suffers an effect based on its current hit points:50 hit points or fewer: deafened for 1 minute40 hit points or fewer: deafened and blinded for 10 minutes30 hit points or fewer: blinded, deafened, and stunned for 1 hour20 hit points or fewer: killed instantlyRegardless of its current hit points, a celestial, an elemental, a fey, or a fiend that fails its save is forced back to its plane of origin (if it isn't there already) and can't return to your current plane for 24 hours by any means short of a wish spell."
Earthquake,8th,Action,"Concentration, up to 1 minute",Evocation,500 feet,"Cleric, Druid, Sorcerer","You create a seismic disturbance at a point on the ground that you can see within range. For the duration, an intense tremor rips through the ground in a 100-foot-radius circle centered on that point and shakes creatures and structures in contact with the ground in that area.The ground in the area becomes difficult terrain. Each creature on the ground that is concentrating must make a Constitution saving throw. On a failed save, the creature's concentration is broken.When you cast this spell and at the end of each turn you spend concentrating on it, each creature on the ground in the area must make a Dexterity saving throw. On a failed save, the creature is knocked prone.This spell can have additional effects depending on the terrain in the area, as determined by the DM. Fissures. Fissures open throughout the spell's area at the start of your next turn after you cast the spell. A total of 1d6 such fissures open in locations chosen by the DM. Each is 1d10 Ã— 10 feet deep, 10 feet wide, and extends from one edge of the spell's area to the opposite side. A creature standing on a spot where a fissure opens must succeed on a Dexterity saving throw or fall in. A creature that successfully saves moves with the fissure's edge as it opens.A fissure that opens beneath a structure causes it to automatically collapse (see below). Structures. The tremor deals 50 bludgeoning damage to any structure in contact with the ground in the area when you cast the spell and at the start of each of your turns until the spell ends. If a structure drops to 0 hit points, it collapses and potentially damages nearby creatures. A creature within half the distance of a structure's height must make a Dexterity saving throw. On a failed save, the creature takes 5d6 bludgeoning damage, is knocked prone, and is buried in the rubble, requiring a DC 20 Strength (Athletics) check as an action to escape. The DM can adjust the DC higher or lower, depending on the nature of the rubble. On a successful save, the creature takes half as much damage and doesn't fall prone or become buried."
Eldritch Blast,Cantrip,Action,Instantaneous,Evocation,120 feet,Warlock,"A beam of crackling energy streaks toward a creature within range. Make a ranged spell attack against the target. On a hit, the target takes 1d10 force damage.The spell creates more than one beam when you reach higher levels: two beams at 5th level, three beams at 11th level, and four beams at 17th level. You can direct the beams at the same target or at different ones. Make a separate attack roll for each beam."
Elemental Weapon,3rd,Action,"Concentration, up to 1 hour",Transmutation,Touch,"Artificer, Paladin","A nonmagical weapon you touch becomes a magic weapon. Choose one of the following damage types: acid, cold, fire, lightning, or thunder. For the duration, the weapon has a +1 bonus to attack rolls and deals an extra 1d4 damage of the chosen type when it hits."
Entangle,1st,Action,"Concentration, up to 1 minute",Conjuration,90 feet,Druid,"Grasping weeds and vines sprout from the ground in a 20-foot square starting from a point within range. For the duration, these plants turn the ground in the area into difficult terrain.A creature in the area when you cast the spell must succeed on a Strength saving throw or be restrained by the entangling plants until the spell ends. A creature restrained by the plants can use its action to make a Strength check against your spell save DC. On a success, it frees itself.When the spell ends, the conjured plants wilt away."
Faerie Fire,1st,Action,"Concentration, up to 1 minute",Evocation,60 feet,"Artificer, Bard, Druid","Each object in a 20-foot cube within range is outlined in blue, green, or violet light (your choice). Any creature in the area when the spell is cast is also outlined in light if it fails a Dexterity saving throw. For the duration, objects and affected creatures shed dim light in a 10-foot radius.Any attack roll against an affected creature or object has advantage if the attacker can see it, and the affected creature or object can't benefit from being invisible."
False Life,1st,Action,1 hour,Necromancy,Self,"Artificer, Sorcerer, Wizard","Bolstering yourself with a necromantic facsimile of life, you gain 1d4 + 4 temporary hit points for the duration."
Fear,3rd,Action,"Concentration, up to 1 minute",Illusion,Self (30-foot cone),"Bard, Sorcerer, Warlock, Wizard","You project a phantasmal image of a creature's worst fears. Each creature in a 30-foot cone must succeed on a Wisdom saving throw or drop whatever it is holding and become frightened for the duration.While frightened by this spell, a creature must take the Dash action and move away from you by the safest available route on each of its turns, unless there is nowhere to move. If the creature ends its turn in a location where it doesn't have line of sight to you, the creature can make a Wisdom saving throw. On a successful save, the spell ends for that creature."
Finger of Death,7th,Action,Instantaneous,Necromancy,60 feet,"Sorcerer, Warlock, Wizard","You send negative energy coursing through a creature that you can see within range, causing it searing pain. The target must make a Constitution saving throw. It takes 7d8 + 30 necrotic damage on a failed save, or half as much damage on a successful one.A humanoid killed by this spell rises at the start of your next turn as a zombie that is permanently under your command, following your verbal orders to the best of its ability."
Fire Bolt,Cantrip,Action,Instantaneous,Evocation,120 feet,"Artificer, Sorcerer, Wizard","You hurl a mote of fire at a creature or object within range. Make a ranged spell attack against the target. On a hit, the target takes 1d10 fire damage. A flammable object hit by this spell ignites if it isn't being worn or carried.This spell's damage increases by 1d10 when you reach 5th level (2d10), 11th level (3d10), and 17th level (4d10)."
Fire Shield,4th,Action,10 minutes,Evocation,Self,Wizard,"Thin and wispy flames wreathe your body for the duration, shedding bright light in a 10-foot radius and dim light for an additional 10 feet. You can end the spell early by using an action to dismiss it.The flames provide you with a warm shield or a chill shield, as you choose. The warm shield grants you resistance to cold damage, and the chill shield grants you resistance to fire damage.In addition, whenever a creature within 5 feet of you hits you with a melee attack, the shield erupts with flame. The attacker takes 2d8 fire damage from a warm shield, or 2d8 cold damage from a cold shield."
Fire Storm,7th,Action,Instantaneous,Evocation,150 feet,"Cleric, Druid, Sorcerer","A storm made up of sheets of roaring flame appears in a location you choose within range. The area of the storm consists of up to ten 10-foot cubes, which you can arrange as you wish. Each cube must have at least one face adjacent to the face of another cube. Each creature in the area must make a Dexterity saving throw. It takes 7d10 fire damage on a failed save, or half as much damage on a successful one.The fire damages objects in the area and ignites flammable objects that aren't being worn or carried. If you choose, plant life in the area is unaffected by this spell."
Fireball,3rd,Action,Instantaneous,Evocation,150 feet,"Sorcerer, Wizard","A bright streak flashes from your pointing finger to a point you choose within range and then blossoms with a low roar into an explosion of flame. Each creature in a 20-foot-radius sphere centered on that point must make a Dexterity saving throw. A target takes 8d6 fire damage on a failed save, or half as much damage on a successful one.The fire spreads around corners. It ignites flammable objects in the area that aren't being worn or carried."
Flame Strike,5th,Action,Instantaneous,Evocation,60 feet,Cleric,"A vertical column of divine fire roars down from the heavens in a location you specify. Each creature in a 10-foot-radius, 40-foot-high cylinder centered on a point within range must make a Dexterity saving throw. A creature takes 4d6 fire damage and 4d6 radiant damage on a failed save, or half as much damage on a successful one."
Flaming Sphere,2nd,Action,"Concentration, up to 1 minute",Conjuration,60 feet,"Druid, Wizard","A 5-foot-diameter sphere of fire appears in an unoccupied space of your choice within range and lasts for the duration. Any creature that ends its turn within 5 feet of the sphere must make a Dexterity saving throw. The creature takes 2d6 fire damage on a failed save, or half as much damage on a successful one.As a bonus action, you can move the sphere up to 30 feet. If you ram the sphere into a creature, that creature must make the saving throw against the sphere's damage, and the sphere stops moving this turn.When you move the sphere, you can direct it over barriers up to 5 feet tall and jump it across pits up to 10 feet wide. The sphere ignites flammable objects not being worn or carried, and it sheds bright light in a 20-foot radius and dim light for an additional 20 feet."
Flesh to Stone,6th,Action,"Concentration, up to 1 minute",Transmutation,60 feet,"Warlock, Wizard","You attempt to turn one creature that you can see within range into stone. If the target's body is made of flesh, the creature must make a Constitution saving throw. On a failed save, it is restrained as its flesh begins to harden. On a successful save, the creature isn't affected.A creature restrained by this spell must make another Constitution saving throw at the end of each of its turns. If it successfully saves against this spell three times, the spell ends. If it fails its saves three times, it is turned to stone and subjected to the petrified condition for the duration. The successes and failures don't need to be consecutive; keep track of both until the target collects three of a kind.If the creature is physically broken while petrified, it suffers from similar deformities if it reverts to its original state.If you maintain your concentration on this spell for the entire possible duration, the creature is turned to stone until the effect is removed."
Foresight,9th,1 Min.,8 hours,Divination,Touch,"Bard, Druid, Warlock, Wizard","You touch a willing creature and bestow a limited ability to see into the immediate future. For the duration, the target can't be surprised and has advantage on attack rolls, ability checks, and saving throws. Additionally, other creatures have disadvantage on attack rolls against the target for the duration.This spell immediately ends if you cast it again before its duration ends."
Grasping Vine,4th,Bonus,"Concentration, up to 1 minute",Conjuration,30 feet,"Druid, Ranger","You conjure a vine that sprouts from the ground in an unoccupied space of your choice that you can see within range. When you cast this spell, you can direct the vine to lash out at a creature within 30 feet of it that you can see. That creature must succeed on a Dexterity saving throw or be pulled 20 feet directly toward the vine.Until the spell ends, you can direct the vine to lash out at the same creature or another one as a bonus action on each of your turns."
Greater Invisibility,4th,Action,"Concentration, up to 1 minute",Illusion,Touch,"Bard, Sorcerer, Wizard",You or a creature you touch becomes invisible until the spell ends. Anything the target is wearing or carrying is invisible as long as it is on the target's person.
Greater Restoration,5th,Action,Instantaneous,Abjuration,Touch,"Artificer, Bard, Cleric, Druid","You imbue a creature you touch with positive energy to undo a debilitating effect. You can reduce the target's exhaustion level by one, or end one of the following effects on the target:One effect that charmed or petrified the targetOne curse, including the target's attunement to a cursed magic itemAny reduction to one of the target's ability scoresOne effect reducing the target's hit point maximum"
Guidance,Cantrip,Action,"Concentration, up to 1 minute",Divination,Touch,"Artificer, Cleric, Druid","You touch one willing creature. Once before the spell ends, the target can roll a d4 and add the number rolled to one ability check of its choice. It can roll the die before or after making the ability check. The spell then ends."
Guiding Bolt,1st,Action,1 round,Evocation,120 feet,Cleric,"A flash of light streaks toward a creature of your choice within range. Make a ranged spell attack against the target. On a hit, the target takes 4d6 radiant damage, and the next attack roll made against this target before the end of your next turn has advantage, thanks to the mystical dim light glittering on the target until then."
Harm,6th,Action,Instantaneous,Necromancy,60 feet,Cleric,"You unleash a virulent disease on a creature that you can see within range. The target must make a Constitution saving throw. On a failed save, it takes 14d6 necrotic damage, or half as much damage on a successful save. The damage can't reduce the target's hit points below 1. If the target fails the saving throw, its hit point maximum is reduced for 1 hour by an amount equal to the necrotic damage it took. Any effect that removes a disease allows a creature's hit point maximum to return to normal before that time passes."
Haste,3rd,Action,"Concentration, up to 1 minute",Transmutation,30 feet,"Artificer, Sorcerer, Wizard","Choose a willing creature that you can see within range. Until the spell ends, the target's speed is doubled, it gains a +2 bonus to AC, it has advantage on Dexterity saving throws, and it gains an additional action on each of its turns. That action can be used only to take the Attack (one weapon attack only), Dash, Disengage, Hide, or Use an Object action.When the spell ends, the target can't move or take actions until after its next turn, as a wave of lethargy sweeps over it."
Heal,6th,Action,Instantaneous,Evocation,60 feet,"Cleric, Druid","Choose a creature that you can see within range. A surge of positive energy washes through the creature, causing it to regain 70 hit points. This spell also ends blindness, deafness, and any diseases affecting the target. This spell has no effect on constructs or undead."
Healing Word,1st,Bonus,Instantaneous,Evocation,60 feet,"Bard, Cleric, Druid",A creature of your choice that you can see within range regains hit points equal to 1d4 + your spellcasting ability modifier. This spell has no effect on undead or constructs.
Hellish Rebuke,1st,Reaction,Instantaneous,Evocation,60 feet,Warlock,"You point your finger, and the creature that damaged you is momentarily surrounded by hellish flames. The creature must make a Dexterity saving throw. It takes 2d10 fire damage on a failed save, or half as much damage on a successful one."
Heroism,1st,Action,"Concentration, up to 1 minute",Enchantment,Touch,"Bard, Paladin","A willing creature you touch is imbued with bravery. Until the spell ends, the creature is immune to being frightened and gains temporary hit points equal to your spellcasting ability modifier at the start of each of its turns. When the spell ends, the target loses any remaining temporary hit points from this spell."
Hex,1st,Bonus,"Concentration, up to 1 hour",Enchantment,90 feet,Warlock,"You place a curse on a creature that you can see within range. Until the spell ends, you deal an extra 1d6 necrotic damage to the target whenever you hit it with an attack. Also, choose one ability when you cast the spell. The target has disadvantage on ability checks made with the chosen ability.If the target drops to 0 hit points before this spell ends, you can use a bonus action on a subsequent turn of yours to curse a new creature.A remove curse cast on the target ends this spell early."
Hold Monster,5th,Action,"Concentration, up to 1 minute",Enchantment,90 feet,"Bard, Sorcerer, Warlock, Wizard","Choose a creature that you can see within range. The target must succeed on a Wisdom saving throw or be paralyzed for the duration. This spell has no effect on undead. At the end of each of its turns, the target can make another Wisdom saving throw. On a success, the spell ends on the target."
Hold Person,2nd,Action,"Concentration, up to 1 minute",Enchantment,60 feet,"Bard, Cleric, Druid, Sorcerer, Warlock, Wizard","Choose a humanoid that you can see within range. The target must succeed on a Wisdom saving throw or be paralyzed for the duration. At the end of each of its turns, the target can make another Wisdom saving throw. On a success, the spell ends on the target."
Hunter's Mark,1st,Bonus,"Concentration, up to 1 hour",Divination,90 feet,Ranger,"You choose a creature you can see within range and mystically mark it as your quarry. Until the spell ends, you deal an extra 1d6 damage to the target whenever you hit it with a weapon attack, and you have advantage on any Wisdom (Perception) or Wisdom (Survival) check you make to find it. If the target drops to 0 hit points before this spell ends, you can use a bonus action on a subsequent turn of yours to mark a new creature."
Ice Storm,4th,Action,Instantaneous,Evocation,300 feet,"Druid, Sorcerer, Wizard","A hail of rock-hard ice pounds to the ground in a 20-foot-radius, 40-foot-high cylinder centered on a point within range. Each creature in the cylinder must make a Dexterity saving throw. A creature takes 2d8 bludgeoning damage and 4d6 cold damage on a failed save, or half as much damage on a successful one.Hailstones turn the storm's area of effect into difficult terrain until the end of your next turn."
Incendiary Cloud,8th,Action,"Concentration, up to 1 minute",Conjuration,150 feet,"Sorcerer, Wizard","A swirling cloud of smoke shot through with white-hot embers appears in a 20-foot-radius sphere centered on a point within range. The cloud spreads around corners and is heavily obscured. It lasts for the duration or until a wind of moderate or greater speed (at least 10 miles per hour) disperses it.When the cloud appears, each creature in it must make a Dexterity saving throw. A creature takes 10d8 fire damage on a failed save, or half as much damage on a successful one. A creature must also make this saving throw when it enters the spell's area for the first time on a turn or ends its turn there.The cloud moves 10 feet directly away from you in a direction that you choose at the start of each of your turns."
Inflict Wounds,1st,Action,Instantaneous,Necromancy,Touch,Cleric,"Make a melee spell attack against a creature you can reach. On a hit, the target takes 3d10 necrotic damage."
Insect Plague,5th,Action,"Concentration, up to 10 minutes",Conjuration,300 feet,"Cleric, Druid, Sorcerer","Swarming, biting locusts fill a 20-foot-radius sphere centered on a point you choose within range. The sphere spreads around corners. The sphere remains for the duration, and its area is lightly obscured. The sphere's area is difficult terrain.When the area appears, each creature in it must make a Constitution saving throw. A creature takes 4d10 piercing damage on a failed save, or half as much damage on a successful one. A creature must also make this saving throw when it enters the spell's area for the first time on a turn or ends its turn there."
Invisibility,2nd,Action,"Concentration, up to 1 hour",Illusion,Touch,"Artificer, Bard, Sorcerer, Warlock, Wizard",A creature you touch becomes invisible until the spell ends. Anything the target is wearing or carrying is invisible as long as it is on the target's person. The spell ends for a target that attacks or casts a spell.
Lesser Restoration,2nd,Action,Instantaneous,Abjuration,Touch,"Artificer, Bard, Cleric, Druid, Paladin, Ranger","You touch a creature and can end either one disease or one condition afflicting it. The condition can be blinded, deafened, paralyzed, or poisoned."
Lightning Arrow,3rd,Bonus,"Concentration, up to 1 minute",Transmutation,Self,Ranger,"The next time you make a ranged weapon attack during the spell's duration, the weapon's ammunition, or the weapon itself if it's a thrown weapon, transforms into a bolt of lightning. Make the attack roll as normal. The target takes 4d8 lightning damage on a hit, or half as much damage on a miss, instead of the weapon's normal damage.Whether you hit or miss, each creature within 10 feet of the target must make a Dexterity saving throw. Each of these creatures takes 2d8 lightning damage on a failed save, or half as much damage on a successful one.The piece of ammunition or weapon then returns to its normal form."
Lightning Bolt,3rd,Action,Instantaneous,Evocation,Self (100-foot line),"Sorcerer, Wizard","A stroke of lightning forming a line 100 feet long and 5 feet wide blasts out from you in a direction you choose. Each creature in the line must make a Dexterity saving throw. A creature takes 8d6 lightning damage on a failed save, or half as much damage on a successful one.The lightning ignites flammable objects in the area that aren't being worn or carried."
Longstrider,1st,Action,1 hour,Transmutation,Touch,"Artificer, Bard, Druid, Ranger, Wizard",You touch a creature. The target's speed increases by 10 feet until the spell ends.
Mage Armor,1st,Action,8 hours,Abjuration,Touch,"Sorcerer, Wizard","You touch a willing creature who isn't wearing armor, and a protective magical force surrounds it until the spell ends. The target's base AC becomes 13 + its Dexterity modifier. The spell ends if the target dons armor or if you dismiss the spell as an action."
Magic Missile,1st,Action,Instantaneous,Evocation,120 feet,"Sorcerer, Wizard","You create three glowing darts of magical force. Each dart hits a creature of your choice that you can see within range. A dart deals 1d4 + 1 force damage to its target. The darts all strike simultaneously, and you can direct them to hit one creature or several."
Magic Weapon,2nd,Bonus,"Concentration, up to 1 hour",Transmutation,Touch,"Artificer, Paladin, Wizard","You touch a nonmagical weapon. Until the spell ends, that weapon becomes a magic weapon with a +1 bonus to attack rolls and damage rolls."
Mass Cure Wounds,5th,Action,Instantaneous,Evocation,60 feet,"Bard, Cleric, Druid",A wave of healing energy washes out from a point of your choice within range. Choose up to six creatures in a 30-foot-radius sphere centered on that point. Each target regains hit points equal to 3d8 + your spellcasting ability modifier. This spell has no effect on undead or constructs.
Mass Heal,9th,Action,Instantaneous,Evocation,60 feet,Cleric,"A flood of healing energy flows from you into injured creatures around you. You restore up to 700 hit points, divided as you choose among any number of creatures that you can see within range. Creatures healed by this spell are also cured of all diseases and any effect making them blinded or deafened. This spell has no effect on undead or constructs."
Mass Healing Word,3rd,Bonus,Instantaneous,Evocation,60 feet,Cleric,"As you call out words of restoration, up to six creatures of your choice that you can see within range regain hit points equal to 1d4 + your spellcasting ability modifier. This spell has no effect on undead or constructs."
Meteor Swarm,9th,Action,Instantaneous,Evocation,1 mile,"Sorcerer, Wizard","Blazing orbs of fire plummet to the ground at four different points you can see within range. Each creature in a 40-foot-radius sphere centered on each point you choose must make a Dexterity saving throw. The sphere spreads around corners. A creature takes 20d6 fire damage and 20d6 bludgeoning damage on a failed save, or half as much damage on a successful one. A creature in the area of more than one fiery burst is affected only once.The spell damages objects in the area and ignites flammable objects that aren't being worn or carried."
Mind Blank,8th,Action,24 hours,Abjuration,Touch,"Bard, Wizard","Until the spell ends, one willing creature you touch is immune to psychic damage, any effect that would sense its emotions or read its thoughts, divination spells, and the charmed condition. The spell even foils wish spells and spells or effects of similar power used to affect the target's mind or to gain information about the target."
Misty Step,2nd,Bonus,Instantaneous,Conjuration,Self,"Sorcerer, Warlock, Wizard","Briefly surrounded by silvery mist, you teleport up to 30 feet to an unoccupied space that you can see."
Moonbeam,2nd,Action,"Concentration, up to 1 minute",Evocation,120 feet,Druid,"A silvery beam of pale light shines down in a 5-foot-radius, 40-foot-high cylinder centered on a point within range. Until the spell ends, dim light fills the cylinder.When a creature enters the spell's area for the first time on a turn or starts its turn there, it is engulfed in ghostly flames that cause searing pain, and it must make a Constitution saving throw. It takes 2d10 radiant damage on a failed save, or half as much damage on a successful one.A shapechanger makes its saving throw with disadvantage. If it fails, it also instantly reverts to its original form and can't assume a different form until it leaves the spell's light.On each of your turns after you cast this spell, you can use an action to move the beam up to 60 feet in any direction."
Poison Spray,Cantrip,Action,Instantaneous,Conjuration,10 feet,"Artificer, Druid, Sorcerer, Warlock, Wizard","You extend your hand toward a creature you can see within range and project a puff of noxious gas from your palm. The creature must succeed on a Constitution saving throw or take 1d12 poison damage.This spell's damage increases by 1d12 when you reach 5th level (2d12), 11th level (3d12), and 17th level (4d12)."
Power Word Heal,9th,Action,Instantaneous,Evocation,Touch,Bard,"A wave of healing energy washes over the creature you touch. The target regains all its hit points. If the creature is charmed, frightened, paralyzed, or stunned, the condition ends. If the creature is prone, it can use its reaction to stand up. This spell has no effect on undead or constructs."
Power Word Kill,9th,Action,Instantaneous,Enchantment,60 feet,"Bard, Sorcerer, Warlock, Wizard","You utter a word of power that can compel one creature you can see within range to die instantly. If the creature you choose has 100 hit points or fewer, it dies. Otherwise, the spell has no effect."
Power Word Stun,8th,Action,Instantaneous,Enchantment,60 feet,"Bard, Sorcerer, Warlock, Wizard","You speak a word of power that can overwhelm the mind of one creature you can see within range, leaving it dumbfounded. If the target has 150 hit points or fewer, it is stunned. Otherwise, the spell has no effect.The stunned target must make a Constitution saving throw at the end of each of its turns. On a successful save, this stunning effect ends."
Prayer of Healing,2nd,10 Min.,Instantaneous,Evocation,30 feet,Cleric,Up to six creatures of your choice that you can see within range each regain hit points equal to 2d8 + your spellcasting ability modifier. This spell has no effect on undead or constructs.
Produce Flame,Cantrip,Action,10 minutes,Conjuration,Self,Druid,"A flickering flame appears in your hand. The flame remains there for the duration and harms neither you nor your equipment. The flame sheds bright light in a 10-foot radius and dim light for an additional 10 feet. The spell ends if you dismiss it as an action or if you cast it again.You can also attack with the flame, although doing so ends the spell. When you cast this spell, or as an action on a later turn, you can hurl the flame at a creature within 30 feet of you. Make a ranged spell attack. On a hit, the target takes 1d8 fire damage.This spell's damage increases by 1d8 when you reach 5th level (2d8), 11th level (3d8), and 17th level (4d8)."
Protection from Energy,3rd,Action,"Concentration, up to 1 hour",Abjuration,Touch,"Artificer, Cleric, Druid, Ranger, Sorcerer, Wizard","For the duration, the willing creature you touch has resistance to one damage type of your choice: acid, cold, fire, lightning, or thunder."
Protection from Poison,2nd,Action,1 hour,Abjuration,Touch,"Artificer, Cleric, Druid, Paladin, Ranger","You touch a creature. If it is poisoned, you neutralize the poison. If more than one poison afflicts the target, you neutralize one poison that you know is present, or you neutralize one at random.For the duration, the target has advantage on saving throws against being poisoned, and it has resistance to poison damage."
Ray of Enfeeblement,2nd,Action,"Concentration, up to 1 minute",Necromancy,60 feet,"Warlock, Wizard","A black beam of enervating energy springs from your finger toward a creature within range. Make a ranged spell attack against the target. On a hit, the target deals only half damage with weapon attacks that use Strength until the spell ends.At the end of each of the target's turns, it can make a Constitution saving throw against the spell. On a success, the spell ends."
Ray of Frost,Cantrip,Action,Instantaneous,Evocation,60 feet,"Artificer, Sorcerer, Wizard","A frigid beam of blue-white light streaks toward a creature within range. Make a ranged spell attack against the target. On a hit, it takes 1d8 cold damage, and its speed is reduced by 10 feet until the start of your next turn.The spell's damage increases by 1d8 when you reach 5th level (2d8), 11th level (3d8), and 17th level (4d8)."
Ray of Sickness,1st,Action,Instantaneous,Necromancy,60 feet,"Sorcerer, Wizard","A ray of sickening greenish energy lashes out toward a creature within range. Make a ranged spell attack against the target. On a hit, the target takes 2d8 poison damage and must make a Constitution saving throw. On a failed save, it is also poisoned until the end of your next turn."
Regenerate,7th,1 Min.,1 hour,Transmutation,Touch,"Bard, Cleric, Druid","You touch a creature and stimulate its natural healing ability. The target regains 4d8 + 15 hit points. For the duration of the spell, the target regains 1 hit point at the start of each of its turns (10 hit points each minute).The target's severed body members (fingers, legs, tails, and so on), if any, are restored after 2 minutes. If you have the severed part and hold it to the stump, the spell instantaneously causes the limb to knit to the stump."
Resistance,Cantrip,Action,"Concentration, up to 1 minute",Abjuration,Touch,"Artificer, Cleric, Druid","You touch one willing creature. Once before the spell ends, the target can roll a d4 and add the number rolled to one saving throw of its choice. It can roll the die before or after making the saving throw. The spell then ends."
Sacred Flame,Cantrip,Action,Instantaneous,Evocation,60 feet,Cleric,"Flame-like radiance descends on a creature that you can see within range. The target must succeed on a Dexterity saving throw or take 1d8 radiant damage. The target gains no benefit from cover for this saving throw.The spell's damage increases by 1d8 when you reach 5th level (2d8), 11th level (3d8), and 17th level (4d8)."
Scorching Ray,2nd,Action,Instantaneous,Evocation,120 feet,"Sorcerer, Wizard","You create three rays of fire and hurl them at targets within range. You can hurl them at one target or several.Make a ranged spell attack for each ray. On a hit, the target takes 2d6 fire damage."
Shatter,2nd,Action,Instantaneous,Evocation,60 feet,"Bard, Sorcerer, Warlock, Wizard","A sudden loud ringing noise, painfully intense, erupts from a point of your choice within range. Each creature in a 10-foot-radius sphere centered on that point must make a Constitution saving throw. A creature takes 3d8 thunder damage on a failed save, or half as much damage on a successful one. A creature made of inorganic material such as stone, crystal, or metal has disadvantage on this saving throw.A nonmagical object that isn't being worn or carried also takes the damage if it's in the spell's area."
Shield,1st,Reaction,1 round,Abjuration,Self,"Sorcerer, Wizard","An invisible barrier of magical force appears and protects you. Until the start of your next turn, you have a +5 bonus to AC, including against the triggering attack, and you take no damage from magic missile."
Shield of Faith,1st,Bonus,"Concentration, up to 10 minutes",Abjuration,60 feet,"Cleric, Paladin","A shimmering field appears and surrounds a creature of your choice within range, granting it a +2 bonus to AC for the duration."
Shocking Grasp,Cantrip,Action,Instantaneous,Evocation,Touch,"Artificer, Sorcerer, Wizard","Lightning springs from your hand to deliver a shock to a creature you try to touch. Make a melee spell attack against the target. You have advantage on the attack roll if the target is wearing armor made of metal. On a hit, the target takes 1d8 lightning damage, and it can't take reactions until the start of its next turn.The spell's damage increases by 1d8 when you reach 5th level (2d8), 11th level (3d8), and 17th level (4d8)."
Sleet Storm,3rd,Action,"Concentration, up to 1 minute",Conjuration,150 feet,"Druid, Sorcerer, Wizard","Until the spell ends, freezing rain and sleet fall in a 20-foot-tall cylinder with a 40-foot radius centered on a point you choose within range. The area is heavily obscured, and exposed flames in the area are doused.The ground in the area is covered with slick ice, making it difficult terrain. When a creature enters the spell's area for the first time on a turn or starts its turn there, it must make a Dexterity saving throw. On a failed save, it falls prone.If a creature starts its turn in the spell's area and is concentrating on a spell, the creature must make a successful Constitution saving throw against your spell save DC or lose concentration."
Slow,3rd,Action,"Concentration, up to 1 minute",Transmutation,120 feet,"Sorcerer, Wizard","You alter time around up to six creatures of your choice in a 40-foot cube within range. Each target must succeed on a Wisdom saving throw or be affected by this spell for the duration.An affected target's speed is halved, it takes a âˆ’2 penalty to AC and Dexterity saving throws, and it can't use reactions. On its turn, it can use either an action or a bonus action, not both. Regardless of the creature's abilities or magic items, it can't make more than one melee or ranged attack during its turn.If the creature attempts to cast a spell with a casting time of 1 action, roll a d20. On an 11 or higher, the spell doesn't take effect until the creature's next turn, and the creature must use its action on that turn to complete the spell. If it can't, the spell is wasted.A creature affected by this spell makes another Wisdom saving throw at the end of each of its turns. On a successful save, the effect ends for it."
Spike Growth,2nd,Action,"Concentration, up to 10 minutes",Transmutation,150 feet,"Druid, Ranger","The ground in a 20-foot radius centered on a point within range twists and sprouts hard spikes and thorns. The area becomes difficult terrain for the duration. When a creature moves into or within the area, it takes 2d4 piercing damage for every 5 feet it travels.The transformation of the ground is camouflaged to look natural. Any creature that can't see the area at the time the spell is cast must make a Wisdom (Perception) check against your spell save DC to recognize the terrain as hazardous before entering it."
Spiritual Weapon,2nd,Bonus,1 minute,Evocation,60 feet,Cleric,"You create a floating, spectral weapon within range that lasts for the duration or until you cast this spell again. When you cast the spell, you can make a melee spell attack against a creature within 5 feet of the weapon. On a hit, the target takes force damage equal to 1d8 + your spellcasting ability modifier.As a bonus action on your turn, you can move the weapon up to 20 feet and repeat the attack against a creature within 5 feet of it.The weapon can take whatever form you choose. Clerics of deities who are associated with a particular weapon (as St. Cuthbert is known for his mace and Thor for his hammer) make this spell's effect resemble that weapon."
Stinking Cloud,3rd,Action,"Concentration, up to 1 minute",Conjuration,90 feet,"Bard, Sorcerer, Wizard","You create a 20-foot-radius sphere of yellow, nauseating gas centered on a point within range. The cloud spreads around corners, and its area is heavily obscured. The cloud lingers in the air for the duration.Each creature that is completely within the cloud at the start of its turn must make a Constitution saving throw against poison. On a failed save, the creature spends its action that turn retching and reeling. Creatures that don't need to breathe or are immune to poison automatically succeed on this saving throw.A moderate wind (at least 10 miles per hour) disperses the cloud after 4 rounds. A strong wind (at least 20 miles per hour) disperses it after 1 round."
Stoneskin,4th,Action,"Concentration, up to 1 hour",Abjuration,Touch,"Artificer, Druid, Ranger, Sorcerer, Wizard","This spell turns the flesh of a willing creature you touch as hard as stone. Until the spell ends, the target has resistance to nonmagical bludgeoning, piercing, and slashing damage."
Sunbeam,6th,Action,"Concentration, up to 1 minute",Evocation,Self (60-foot line),"Druid, Sorcerer, Wizard","A beam of brilliant light flashes out from your hand in a 5-foot-wide, 60-foot-long line. Each creature in the line must make a Constitution saving throw. On a failed save, a creature takes 6d8 radiant damage and is blinded until your next turn. On a successful save, it takes half as much damage and isn't blinded by this spell. Undead and oozes have disadvantage on this saving throw.You can create a new line of radiance as your action on any turn until the spell ends.For the duration, a mote of brilliant radiance shines in your hand. It sheds bright light in a 30-foot radius and dim light for an additional 30 feet. This light is sunlight."
Sunburst,8th,Action,Instantaneous,Evocation,150 feet,"Druid, Sorcerer, Wizard","Brilliant sunlight flashes in a 60-foot radius centered on a point you choose within range. Each creature in that light must make a Constitution saving throw. On a failed save, a creature takes 12d6 radiant damage and is blinded for 1 minute. On a successful save, it takes half as much damage and isn't blinded by this spell. Undead and oozes have disadvantage on this saving throw.A creature blinded by this spell makes another Constitution saving throw at the end of each of its turns. On a successful save, it is no longer blinded.This spell dispels any darkness in its area that was created by a spell."
Teleport,7th,Action,Instantaneous,Conjuration,10 feet,"Bard, Sorcerer, Wizard","This spell instantly transports you and up to eight willing creatures of your choice that you can see within range, or a single object that you can see within range, to a destination you select. If you target an object, it must be able to fit entirely inside a 10-foot cube, and it can't be held or carried by an unwilling creature.The destination you choose must be known to you, and it must be on the same plane of existence as you. Your familiarity with the destination determines whether you arrive there successfully. The DM rolls d100 and consults the table.TeleportationFamiliarityMishapSimilar AreaOff TargetOn TargetPermanent circleâ€”â€”â€”01â€“100Associated objectâ€”â€”â€”01â€“100Very familiar01â€“0506â€“1314â€“2425â€“100Seen casually01â€“3334â€“4344â€“5354â€“100Viewed once01â€“4344â€“5354â€“7374â€“100Description01â€“4344â€“5354â€“7374â€“100False destination01â€“5051â€“100â€”â€” Familiarity. ""Permanent circle"" means a permanent teleportation circle whose sigil sequence you know. ""Associated object"" means that you possess an object taken from the desired destination within the last six months, such as a book from a wizard's library, bed linen from a royal suite, or a chunk of marble from a lich's secret tomb.""Very familiar"" is a place you have been very often, a place you have carefully studied, or a place you can see when you cast the spell. ""Seen casually"" is someplace you have seen more than once but with which you aren't very familiar. ""Viewed once"" is a place you have seen once, possibly using magic. ""Description"" is a place whose location and appearance you know through someone else's description, perhaps from a map.""False destination"" is a place that doesn't exist. Perhaps you tried to scry an enemy's sanctum but instead viewed an illusion, or you are attempting to teleport to a familiar location that no longer exists. On Target. You and your group (or the target object) appear where you want to. Off Target. You and your group (or the target object) appear a random distance away from the destination in a random direction. Distance off target is 1d10 Ã— 1d10 percent of the distance that was to be traveled. For example, if you tried to travel 120 miles, landed off target, and rolled a 5 and 3 on the two d10s, then you would be off target by 15 percent, or 18 miles. The DM determines the direction off target randomly by rolling a d8 and designating 1 as north, 2 as northeast, 3 as east, and so on around the points of the compass. If you were teleporting to a coastal city and wound up 18 miles out at sea, you could be in trouble. Similar Area. You and your group (or the target object) wind up in a different area that's visually or thematically similar to the target area. If you are heading for your home laboratory, for example, you might wind up in another wizard's laboratory or in an alchemical supply shop that has many of the same tools and implements as your laboratory. Generally, you appear in the closest similar place, but since the spell has no range limit, you could conceivably wind up anywhere on the plane. Mishap. The spell's unpredictable magic results in a difficult journey. Each teleporting creature (or the target object) takes 3d10 force damage, and the DM rerolls on the table to see where you wind up (multiple mishaps can occur, dealing damage each time)."
Thorn Whip,Cantrip,Action,Instantaneous,Transmutation,30 feet,"Artificer, Druid","You create a long, vine-like whip covered in thorns that lashes out at your command toward a creature in range. Make a melee spell attack against the target. If the attack hits, the creature takes 1d6 piercing damage, and if the creature is Large or smaller, you pull the creature up to 10 feet closer to you.This spell's damage increases by 1d6 when you reach 5th level (2d6), 11th level (3d6), and 17th level (4d6)."
Thunderwave,1st,Action,Instantaneous,Evocation,Self (15-foot cube),"Bard, Druid, Sorcerer, Wizard","A wave of thunderous force sweeps out from you. Each creature in a 15-foot cube originating from you must make a Constitution saving throw. On a failed save, a creature takes 2d8 thunder damage and is pushed 10 feet away from you. On a successful save, the creature takes half as much damage and isn't pushed.In addition, unsecured objects that are completely within the area of effect are automatically pushed 10 feet away from you by the spell's effect, and the spell emits a thunderous boom audible out to 300 feet."
Time Stop,9th,Action,Instantaneous,Transmutation,Self,"Sorcerer, Wizard","You briefly stop the flow of time for everyone but yourself. No time passes for other creatures, while you take 1d4 + 1 turns in a row, during which you can use actions and move as normal.This spell ends if one of the actions you use during this period, or any effects that you create during this period, affects a creature other than you or an object being worn or carried by someone other than you. In addition, the spell ends if you move to a place more than 1,000 feet from the location where you cast it."
True Strike,Cantrip,Action,"Concentration, up to 1 round",Divination,30 feet,"Bard, Sorcerer, Warlock, Wizard","You extend your hand and point a finger at a target in range. Your magic grants you a brief insight into the target's defenses. On your next turn, you gain advantage on your first attack roll against the target, provided that this spell hasn't ended."
Tsunami,8th,1 Min.,"Concentration, up to 6 rounds",Conjuration,Sight,Druid,"A wall of water springs into existence at a point you choose within range. You can make the wall up to 300 feet long, 300 feet high, and 50 feet thick. The wall lasts for the duration.When the wall appears, each creature within its area must make a Strength saving throw. On a failed save, a creature takes 6d10 bludgeoning damage, or half as much damage on a successful save.At the start of each of your turns after the wall appears, the wall, along with any creatures in it, moves 50 feet away from you. Any Huge or smaller creature inside the wall or whose space the wall enters when it moves must succeed on a Strength saving throw or take 5d10 bludgeoning damage. A creature can take this damage only once per round. At the end of the turn, the wall's height is reduced by 50 feet, and the damage creatures take from the spell on subsequent rounds is reduced by 1d10. When the wall reaches 0 feet in height, the spell ends.A creature caught in the wall can move by swimming. Because of the force of the wave, though, the creature must make a successful Strength (Athletics) check against your spell save DC in order to move at all. If it fails the check, it can't move. A creature that moves out of the area falls to the ground."
Vampiric Touch,3rd,Action,"Concentration, up to 1 minute",Necromancy,Self,"Warlock, Wizard","The touch of your shadow-wreathed hand can siphon life force from others to heal your wounds. Make a melee spell attack against a creature within your reach. On a hit, the target takes 3d6 necrotic damage, and you regain hit points equal to half the amount of necrotic damage dealt. Until the spell ends, you can make the attack again on each of your turns as an action."
Vicious Mockery,Cantrip,Action,Instantaneous,Enchantment,60 feet,Bard,"You unleash a string of insults laced with subtle enchantments at a creature you can see within range. If the target can hear you (though it need not understand you), it must succeed on a Wisdom saving throw or take 1d4 psychic damage and have disadvantage on the next attack roll it makes before the end of its next turn.This spell's damage increases by 1d4 when you reach 5th level (2d4), 11th level (3d4), and 17th level (4d4)."
Wall of Fire,4th,Action,"Concentration, up to 1 minute",Evocation,120 feet,"Druid, Sorcerer, Wizard","You create a wall of fire on a solid surface within range. You can make the wall up to 60 feet long, 20 feet high, and 1 foot thick, or a ringed wall up to 20 feet in diameter, 20 feet high, and 1 foot thick. The wall is opaque and lasts for the duration.When the wall appears, each creature within its area must make a Dexterity saving throw. On a failed save, a creature takes 5d8 fire damage, or half as much damage on a successful save.One side of the wall, selected by you when you cast this spell, deals 5d8 fire damage to each creature that ends its turn within 10 feet of that side or inside the wall. A creature takes the same damage when it enters the wall for the first time on a turn or ends its turn there. The other side of the wall deals no damage."
Wall of Force,5th,Action,"Concentration, up to 10 minutes",Evocation,120 feet,Wizard,"An invisible wall of force springs into existence at a point you choose within range. The wall appears in any orientation you choose, as a horizontal or vertical barrier or at an angle. It can be free floating or resting on a solid surface. You can form it into a hemispherical dome or a sphere with a radius of up to 10 feet, or you can shape a flat surface made up of ten 10-foot-by-10-foot panels. Each panel must be contiguous with another panel. In any form, the wall is 1/4 inch thick. It lasts for the duration. If the wall cuts through a creature's space when it appears, the creature is pushed to one side of the wall (your choice which side).Nothing can physically pass through the wall. It is immune to all damage and can't be dispelled by dispel magic. A disintegrate spell destroys the wall instantly, however. The wall also extends into the Ethereal Plane, blocking ethereal travel through the wall."
Wall of Ice,6th,Action,"Concentration, up to 10 minutes",Evocation,120 feet,Wizard,"You create a wall of ice on a solid surface within range. You can form it into a hemispherical dome or a sphere with a radius of up to 10 feet, or you can shape a flat surface made up of ten 10-foot-square panels. Each panel must be contiguous with another panel. In any form, the wall is 1 foot thick and lasts for the duration.If the wall cuts through a creature's space when it appears, the creature within its area is pushed to one side of the wall and must make a Dexterity saving throw. On a failed save, the creature takes 10d6 cold damage, or half as much damage on a successful save.The wall is an object that can be damaged and thus breached. It has AC 12 and 30 hit points per 10-foot section, and it is vulnerable to fire damage. Reducing a 10-foot section of wall to 0 hit points destroys it and leaves behind a sheet of frigid air in the space the wall occupied. A creature moving through the sheet of frigid air for the first time on a turn must make a Constitution saving throw. That creature takes 5d6 cold damage on a failed save, or half as much damage on a successful one."
Wall of Stone,5th,Action,"Concentration, up to 10 minutes",Evocation,120 feet,"Artificer, Druid, Sorcerer, Wizard","A nonmagical wall of solid stone springs into existence at a point you choose within range. The wall is 6 inches thick and is composed of ten 10-foot-by-10-foot panels. Each panel must be contiguous with at least one other panel. Alternatively, you can create 10-foot-by-20-foot panels that are only 3 inches thick.If the wall cuts through a creature's space when it appears, the creature is pushed to one side of the wall (your choice). If a creature would be surrounded on all sides by the wall (or the wall and another solid surface), that creature can make a Dexterity saving throw. On a success, it can use its reaction to move up to its speed so that it is no longer enclosed by the wall.The wall can have any shape you desire, though it can't occupy the same space as a creature or object. The wall doesn't need to be vertical or rest on any firm foundation. It must, however, merge with and be solidly supported by existing stone. Thus, you can use this spell to bridge a chasm or create a ramp.If you create a span greater than 20 feet in length, you must halve the size of each panel to create supports. You can crudely shape the wall to create crenellations, battlements, and so on.The wall is an object made of stone that can be damaged and thus breached. Each panel has AC 15 and 30 hit points per inch of thickness. Reducing a panel to 0 hit points destroys it and might cause connected panels to collapse at the DM's discretion.If you maintain your concentration on this spell for its whole duration, the wall becomes permanent and can't be dispelled. Otherwise, the wall disappears when the spell ends."
Wall of Thorns,6th,Action,"Concentration, up to 10 minutes",Conjuration,120 feet,Druid,"You create a wall of tough, pliable, tangled brush bristling with needle-sharp thorns. The wall appears within range on a solid surface and lasts for the duration. You choose to make the wall up to 60 feet long, 10 feet high, and 5 feet thick or a circle that has a 20-foot diameter and is up to 20 feet high and 5 feet thick. The wall blocks line of sight.When the wall appears, each creature within its area must make a Dexterity saving throw. On a failed save, a creature takes 7d8 piercing damage, or half as much damage on a successful save.A creature can move through the wall, albeit slowly and painfully. For every 1 foot a creature moves through the wall, it must spend 4 feet of movement. Furthermore, the first time a creature enters the wall on a turn or ends its turn there, the creature must make a Dexterity saving throw. It takes 7d8 slashing damage on a failed save, or half as much damage on a successful one."
Witch Bolt,1st,Action,"Concentration, up to 1 minute",Evocation,30 feet,"Sorcerer, Warlock, Wizard","A beam of crackling, blue energy lances out toward a creature within range, forming a sustained arc of lightning between you and the target. Make a ranged spell attack against that creature. On a hit, the target takes 1d12 lightning damage, and on each of your turns for the duration, you can use your action to deal 1d12 lightning damage to the target automatically. The spell ends if you use your action to do anything else. The spell also ends if the target is ever outside the spell's range or if it has total cover from you."